{"ProtoVersion":"V2_6","WorkflowID":"7b9a36ff-4bef-4fe8-a42f-1a33c5e22f2c","WorkflowName":"客户跟进助手","WorkflowDesc":"任务描述: 作为销售助理，处理客户沟通内容和需求。输入客户沟通详情，需输出沟通记录总结、关键需求提炼及具体跟进建议（含时机与内容）。\n示例问题: \"客户对产品的特殊定制要求是什么？\"","Nodes":[{"NodeID":"cf52aba9-f872-7067-bfb9-58d21f49d518","NodeName":"开始","NodeDesc":"","NodeType":"START","StartNodeData":{"WorkflowParams":[]},"Inputs":[],"Outputs":[],"NextNodeIDs":["eada1e2e-0105-6f52-3e79-98c34d6a97fe"],"NodeUI":"{\"data\":{\"isHovering\":false,\"isParallel\":false,\"source\":false,\"target\":true,\"debug\":null,\"error\":false,\"output\":[],\"schema\":null,\"checkDataError\":0},\"position\":{\"x\":400,\"y\":282},\"targetPosition\":\"left\",\"sourcePosition\":\"right\",\"selected\":false,\"measured\":{\"width\":250,\"height\":84}}"},{"NodeID":"9c1b5cef-4eb2-1381-2ae5-de5dd829c4f1","NodeName":"结束","NodeDesc":"","NodeType":"END","Inputs":[],"Outputs":[{"Title":"Output","Type":"OBJECT","Required":[],"Properties":[],"Desc":"输出内容","AnalysisMethod":"COVER"}],"NextNodeIDs":[],"NodeUI":"{\"data\":{\"isHovering\":false,\"isParallel\":false,\"source\":true,\"target\":false,\"debug\":null,\"error\":false,\"output\":[],\"schema\":null,\"checkDataError\":0},\"position\":{\"x\":1200,\"y\":282},\"targetPosition\":\"left\",\"sourcePosition\":\"right\",\"selected\":false,\"measured\":{\"width\":250,\"height\":84}}"},{"NodeID":"eada1e2e-0105-6f52-3e79-98c34d6a97fe","NodeName":"参数提取1","NodeDesc":"","NodeType":"PARAMETER_EXTRACTOR","ParameterExtractorNodeData":{"Parameters":[{"RefParameterID":"c0e53e24-b5ec-4fa1-b884-bf212344b6f8","Required":true,"SubParams":[]},{"RefParameterID":"6c3ae800-dced-434c-98d7-c78186f6e927","Required":true,"SubParams":[]},{"RefParameterID":"4b2b2f45-d79b-4b42-9c6e-839fe126014c","Required":true,"SubParams":[]},{"RefParameterID":"1c3d4e62-fee9-4fa7-8946-91f21c6ef6ad","Required":true,"SubParams":[]}],"UserConstraint":"","ModelName":"workflow-pro","ModelParams":{"Temperature":0,"TopP":0.8,"MaxTokens":4000,"StopSequences":[],"ReplyFormat":""}},"Inputs":[],"Outputs":[],"NextNodeIDs":["9baa4843-2e8f-8134-713b-bc99abc870c1"],"NodeUI":"{\"data\":{\"content\":\"参数：客户名称、沟通内容、客户需求、跟进目标\",\"isHovering\":false,\"isParallel\":false,\"source\":true,\"target\":true,\"debug\":null,\"error\":false,\"output\":[{\"label\":\"Output\",\"desc\":\"输出内容\",\"optionType\":\"REFERENCE_OUTPUT\",\"type\":\"OBJECT\",\"children\":[{\"value\":\"c0e53e24-b5ec-4fa1-b884-bf212344b6f8\",\"label\":\"客户名称\",\"type\":\"STRING\",\"children\":[]},{\"value\":\"6c3ae800-dced-434c-98d7-c78186f6e927\",\"label\":\"沟通内容\",\"type\":\"STRING\",\"children\":[]},{\"value\":\"4b2b2f45-d79b-4b42-9c6e-839fe126014c\",\"label\":\"客户需求\",\"type\":\"STRING\",\"children\":[]},{\"value\":\"1c3d4e62-fee9-4fa7-8946-91f21c6ef6ad\",\"label\":\"跟进目标\",\"type\":\"STRING\",\"children\":[]}]}],\"schema\":null,\"checkDataError\":0,\"displayPrompt\":\"\"},\"position\":{\"x\":396,\"y\":416},\"targetPosition\":\"left\",\"sourcePosition\":\"right\",\"selected\":false,\"measured\":{\"width\":250,\"height\":104},\"dragging\":false}"},{"NodeID":"9baa4843-2e8f-8134-713b-bc99abc870c1","NodeName":"大模型1","NodeDesc":"","NodeType":"LLM","LLMNodeData":{"ModelName":"cs-normal-70b","Temperature":0,"TopP":0,"MaxTokens":0,"Prompt":"{{user}}","SystemPrompt":"你是一位销售助理。  \n输入：客户名称{{name}}、沟通内容{{detail}}、具体需求{{xuqiu}}以及跟进目标{{goal}}，请确保沟通内容描述清晰、需求明确且跟进目标可量化。  \n输出：  \n1. 简洁明了地总结此次沟通的核心要点  \n2. 准确提炼出客户的关键需求  \n3. 给出明确的下一步跟进建议，包括合适的时机及相关内容 ","OutputFormat":"LLM_OUTPUT_TEXT","ModelParams":{"Temperature":0.7,"TopP":0.6,"MaxTokens":4000,"StopSequences":[],"ReplyFormat":""}},"Inputs":[{"Name":"user","Type":"STRING","Input":{"InputType":"SYSTEM_VARIABLE","SystemVariable":{"Name":"SYS.UserQuery","DialogHistoryLimit":15}},"Desc":"","IsRequired":false,"SubInputs":[],"DefaultValue":"","DefaultFileName":""},{"Name":"name","Type":"STRING","Input":{"InputType":"REFERENCE_OUTPUT","Reference":{"NodeID":"eada1e2e-0105-6f52-3e79-98c34d6a97fe","JsonPath":"Output.客户名称"}},"Desc":"","IsRequired":false,"SubInputs":[],"DefaultValue":"","DefaultFileName":""},{"Name":"detail","Type":"STRING","Input":{"InputType":"REFERENCE_OUTPUT","Reference":{"NodeID":"eada1e2e-0105-6f52-3e79-98c34d6a97fe","JsonPath":"Output.沟通内容"}},"Desc":"","IsRequired":false,"SubInputs":[],"DefaultValue":"","DefaultFileName":""},{"Name":"xuqiu","Type":"STRING","Input":{"InputType":"REFERENCE_OUTPUT","Reference":{"NodeID":"eada1e2e-0105-6f52-3e79-98c34d6a97fe","JsonPath":"Output.客户需求"}},"Desc":"","IsRequired":false,"SubInputs":[],"DefaultValue":"","DefaultFileName":""},{"Name":"goal","Type":"STRING","Input":{"InputType":"REFERENCE_OUTPUT","Reference":{"NodeID":"eada1e2e-0105-6f52-3e79-98c34d6a97fe","JsonPath":"Output.跟进目标"}},"Desc":"","IsRequired":false,"SubInputs":[],"DefaultValue":"","DefaultFileName":""}],"Outputs":[],"NextNodeIDs":["7d8fc9e4-e440-8afa-00ed-01d51b9a3e41"],"NodeUI":"{\"data\":{\"content\":\"输出：Output.Content, Output.Thought\",\"isHovering\":false,\"isParallel\":false,\"source\":true,\"target\":true,\"debug\":null,\"error\":false,\"output\":[{\"label\":\"Output\",\"desc\":\"输出内容\",\"optionType\":\"REFERENCE_OUTPUT\",\"type\":\"OBJECT\",\"children\":[]}],\"schema\":null,\"checkDataError\":0,\"displayPrompt\":\"<p><span data-w-e-type=\\\"slot\\\" data-w-e-is-void=\\\"\\\" data-w-e-is-inline=\\\"\\\" data-value=\\\"user\\\">{{user}}</span></p>\"},\"position\":{\"x\":655,\"y\":330},\"targetPosition\":\"left\",\"sourcePosition\":\"right\",\"selected\":false,\"measured\":{\"width\":250,\"height\":104},\"dragging\":false}","ExceptionHandling":{"Switch":"OFF","MaxRetries":"3","RetryInterval":"1","AbnormalOutputResult":"","HandleMethod":"EXCEPTION_OUTPUT","NextNodeIDs":[]},"PendingMessage":{"Switch":"OFF","Content":"","DelaySeconds":"1"}},{"NodeID":"7d8fc9e4-e440-8afa-00ed-01d51b9a3e41","NodeName":"回复1","NodeDesc":"","NodeType":"ANSWER","AnswerNodeData":{"Answer":"{{as}}"},"Inputs":[{"Name":"as","Type":"STRING","Input":{"InputType":"REFERENCE_OUTPUT","Reference":{"NodeID":"9baa4843-2e8f-8134-713b-bc99abc870c1","JsonPath":"Output.Content"}},"Desc":"","IsRequired":false,"SubInputs":[],"DefaultValue":"","DefaultFileName":""}],"Outputs":[{"Title":"Output","Type":"OBJECT","Required":[],"Properties":[],"Desc":"输出内容","AnalysisMethod":"COVER"}],"NextNodeIDs":["9c1b5cef-4eb2-1381-2ae5-de5dd829c4f1"],"NodeUI":"{\"data\":{\"content\":\"{{as}}\",\"isHovering\":false,\"isParallel\":false,\"source\":true,\"target\":true,\"debug\":null,\"error\":false,\"output\":[{\"id\":\"a0b080d6-5631-cdf7-a26e-883ec457886c\",\"value\":\"Output\",\"label\":\"Output\",\"_uiId\":\"2958821b-c878-d01c-5d85-27667e89ad13\",\"type\":\"OBJECT\",\"children\":[{\"id\":\"55d30b8f-0bb6-2c8a-377b-474c1d3fbe7e\",\"value\":\"Answer\",\"label\":\"Answer\",\"_uiId\":\"9002dd16-1334-80da-d8f0-2f96f5eb5462\",\"type\":\"STRING\",\"children\":[]}]}],\"schema\":null,\"checkDataError\":0},\"position\":{\"x\":843,\"y\":195},\"targetPosition\":\"left\",\"sourcePosition\":\"right\",\"selected\":false,\"measured\":{\"width\":250,\"height\":84},\"dragging\":false}"}],"Edge":"[{\"source\":\"cf52aba9-f872-7067-bfb9-58d21f49d518\",\"sourceHandle\":\"cf52aba9-f872-7067-bfb9-58d21f49d518-source\",\"target\":\"eada1e2e-0105-6f52-3e79-98c34d6a97fe\",\"targetHandle\":\"eada1e2e-0105-6f52-3e79-98c34d6a97fe-target\",\"type\":\"custom\",\"data\":{\"connectedNodeIsHovering\":false,\"error\":false,\"isHovering\":false},\"id\":\"xy-edge__cf52aba9-f872-7067-bfb9-58d21f49d518cf52aba9-f872-7067-bfb9-58d21f49d518-source-eada1e2e-0105-6f52-3e79-98c34d6a97feeada1e2e-0105-6f52-3e79-98c34d6a97fe-target\",\"selected\":false,\"animated\":false},{\"source\":\"eada1e2e-0105-6f52-3e79-98c34d6a97fe\",\"sourceHandle\":\"eada1e2e-0105-6f52-3e79-98c34d6a97fe-source\",\"target\":\"9baa4843-2e8f-8134-713b-bc99abc870c1\",\"targetHandle\":\"9baa4843-2e8f-8134-713b-bc99abc870c1-target\",\"type\":\"custom\",\"data\":{\"connectedNodeIsHovering\":false,\"error\":false,\"isHovering\":false},\"id\":\"xy-edge__eada1e2e-0105-6f52-3e79-98c34d6a97feeada1e2e-0105-6f52-3e79-98c34d6a97fe-source-9baa4843-2e8f-8134-713b-bc99abc870c19baa4843-2e8f-8134-713b-bc99abc870c1-target\",\"selected\":false,\"animated\":false},{\"source\":\"9baa4843-2e8f-8134-713b-bc99abc870c1\",\"sourceHandle\":\"9baa4843-2e8f-8134-713b-bc99abc870c1-source\",\"target\":\"7d8fc9e4-e440-8afa-00ed-01d51b9a3e41\",\"targetHandle\":\"7d8fc9e4-e440-8afa-00ed-01d51b9a3e41-target\",\"type\":\"custom\",\"data\":{\"connectedNodeIsHovering\":false,\"error\":false,\"isHovering\":false},\"id\":\"xy-edge__9baa4843-2e8f-8134-713b-bc99abc870c19baa4843-2e8f-8134-713b-bc99abc870c1-source-7d8fc9e4-e440-8afa-00ed-01d51b9a3e417d8fc9e4-e440-8afa-00ed-01d51b9a3e41-target\",\"selected\":false,\"animated\":false},{\"source\":\"7d8fc9e4-e440-8afa-00ed-01d51b9a3e41\",\"sourceHandle\":\"7d8fc9e4-e440-8afa-00ed-01d51b9a3e41-source\",\"target\":\"9c1b5cef-4eb2-1381-2ae5-de5dd829c4f1\",\"targetHandle\":\"9c1b5cef-4eb2-1381-2ae5-de5dd829c4f1-target\",\"type\":\"custom\",\"data\":{\"connectedNodeIsHovering\":false,\"error\":false,\"isHovering\":false},\"id\":\"xy-edge__7d8fc9e4-e440-8afa-00ed-01d51b9a3e417d8fc9e4-e440-8afa-00ed-01d51b9a3e41-source-9c1b5cef-4eb2-1381-2ae5-de5dd829c4f19c1b5cef-4eb2-1381-2ae5-de5dd829c4f1-target\",\"selected\":false,\"animated\":false}]","Mode":"NORMAL","ReleaseTime":""}